usuarios-- MySQL Script generated by MySQL Workbench
-- Wed Apr 17 12:28:21 2024
-- Model: New Model    Version: 1.0
-- MySQL Workbench Forward Engineering

SET @OLD_UNIQUE_CHECKS=@@UNIQUE_CHECKS, UNIQUE_CHECKS=0;
SET @OLD_FOREIGN_KEY_CHECKS=@@FOREIGN_KEY_CHECKS, FOREIGN_KEY_CHECKS=0;
SET @OLD_SQL_MODE=@@SQL_MODE, SQL_MODE='ONLY_FULL_GROUP_BY,STRICT_TRANS_TABLES,NO_ZERO_IN_DATE,NO_ZERO_DATE,ERROR_FOR_DIVISION_BY_ZERO,NO_ENGINE_SUBSTITUTION';

-- -----------------------------------------------------
-- Schema BD_blog
-- -----------------------------------------------------

-- -----------------------------------------------------
-- Schema BD_blog
-- -----------------------------------------------------
CREATE SCHEMA IF NOT EXISTS `BD_blog` DEFAULT CHARACTER SET utf8 COLLATE utf8_spanish2_ci ;
USE `BD_blog` ;

-- -----------------------------------------------------
-- Table `BD_blog`.`usuarios`
-- -----------------------------------------------------
DROP TABLE IF EXISTS `BD_blog`.`usuarios` ;

CREATE TABLE IF NOT EXISTS `BD_blog`.`usuarios` (
  `id_usuarios` INT NOT NULL AUTO_INCREMENT,
  `nombre` VARCHAR(45) NULL,
  `apellidos` VARCHAR(45) NULL,
  `correo_electronico` VARCHAR(45) NULL,
  `usuarios` VARCHAR(45) NULL,
  `genero` INT NULL,
  `fecha_nacimiento` DATE NULL,
  `password` VARCHAR(45) NULL,
  `contacto` VARCHAR(45) NOT NULL,
  PRIMARY KEY (`id_usuarios`),
  UNIQUE INDEX `usuarioscol_UNIQUE` (`usuarios` ASC) VISIBLE)
ENGINE = InnoDB;

INSERT INTO `BD_blog`.`usuarios` (`nombre`, `apellidos`, `correo_electronico`, `usuarios`, `genero`, `fecha_nacimiento`, `password`, `contacto`) 
VALUES
('Juan', 'Pérez Gómez', 'juan@example.com', 'juanito', 1, '1990-05-15', 'contraseña123', '123456789'),
('María', 'López Martínez', 'maria@example.com', 'marialopez', 2, '1988-09-20', 'maria456', '987654321'),
('Carlos', 'Rodríguez Sánchez', 'carlos@example.com', 'carlitos', 1, '1995-03-10', 'carlos789', '456789123'),
('Ana', 'García Pérez', 'ana@example.com', 'anitagp', 2, '1993-07-25', 'ana1234', '789123456'),
('David', 'Martínez Fernández', 'david@example.com', 'davido', 1, '1998-11-08', 'david456', '321654987'),
('Laura', 'Fernández López', 'laura@example.com', 'laurita', 2, '1991-02-18', 'laura789', '654987321'),
('Pedro', 'Sánchez García', 'pedro@example.com', 'pedritos', 1, '1987-06-30', 'pedro123', '987321654'),
('Sofía', 'Martín Rodríguez', 'sofia@example.com', 'sofi', 2, '1996-04-05', 'sofia456', '369258147'),
('Miguel', 'Gómez Martínez', 'miguel@example.com', 'miguelito', 1, '1994-10-12', 'miguel789', '258147369'),
('Elena', 'Pérez Rodríguez', 'elena@example.com', 'elenita', 2, '1989-08-22', 'elena123', '147369258'),
('Pablo', 'López Sánchez', 'pablo@example.com', 'pablito', 1, '1997-12-03', 'pablo456', '963852741'),
('Carmen', 'Rodríguez Martínez', 'carmen@example.com', 'carmencita', 2, '1992-01-14', 'carmen789', '852741963'),
('Alejandro', 'Sánchez Gómez', 'alejandro@example.com', 'ale', 1, '1986-09-05', 'alejandro123', '741852963'),
('Lucía', 'Martínez Pérez', 'lucia@example.com', 'lulú', 2, '1990-07-07', 'lucia456', '369147258'),
('Manuel', 'García López', 'manuel@example.com', 'manolo', 1, '1993-04-26', 'manuel789', '258369147');

-- -----------------------------------------------------
-- Table `BD_blog`.`publicaciones`
-- -----------------------------------------------------
DROP TABLE IF EXISTS `BD_blog`.`publicaciones` ;

CREATE TABLE IF NOT EXISTS `BD_blog`.`publicaciones` (
  `id_publicaciones` INT NOT NULL AUTO_INCREMENT,
  `fecha` DATE NULL,
  `titulo_publicacion` MEDIUMTEXT NULL,
  `descripcion_contenido` TEXT(500) NULL,
  `usuarios_id` INT NOT NULL,
  PRIMARY KEY (`id_publicaciones`),
  INDEX `fk_publicaciones_usuarios_idx` (`usuarios_id` ASC) VISIBLE,
  CONSTRAINT `fk_publicaciones_usuarios`
    FOREIGN KEY (`usuarios_id`)
    REFERENCES `BD_blog`.`usuarios` (`id_usuarios`)
    ON DELETE NO ACTION
    ON UPDATE NO ACTION)
ENGINE = InnoDB;
INSERT INTO `BD_blog`.`publicaciones` (`fecha`, `titulo_publicacion`, `descripcion_contenido`, `usuarios_id`) 
VALUES
('2024-04-17', '10 consejos para mejorar tu productividad en el trabajo', 'Descubre algunas estrategias efectivas para aumentar tu productividad y lograr más en menos tiempo en el trabajo.', 1),
('2024-04-16', 'Los beneficios del ejercicio regular para la salud', 'Explora cómo el ejercicio regular puede mejorar tu salud física y mental, y cómo puedes incorporarlo fácilmente a tu rutina diaria.', 2),
('2024-04-15', 'Recetas saludables para preparar en casa', 'Encuentra ideas deliciosas y saludables para cocinar en casa, desde ensaladas frescas hasta platos principales nutritivos.', 3),
('2024-04-14', 'Consejos para mantener una mente positiva', 'Aprende técnicas simples para cultivar una mentalidad positiva y enfrentar los desafíos de la vida con optimismo y determinación.', 4),
('2024-04-13', 'Destinos turísticos impresionantes para visitar este año', 'Descubre algunos de los destinos más emocionantes y hermosos para incluir en tu lista de viajes este año, desde playas tropicales hasta ciudades históricas.', 5),
('2024-04-12', 'Ideas creativas para decorar tu hogar con bajo presupuesto', 'Inspírate con estas ideas económicas y creativas para decorar tu hogar y transformarlo en un espacio acogedor y con estilo.', 1),
('2024-04-11', 'Cómo mejorar tus habilidades de comunicación interpersonal', 'Aprende técnicas efectivas para mejorar tus habilidades de comunicación y construir relaciones sólidas y significativas con los demás.', 2),
('2024-04-10', 'Los mejores libros recomendados para leer este año', 'Descubre los libros más recomendados por expertos en diferentes géneros, desde ficción hasta desarrollo personal, para disfrutar durante todo el año.', 3),
('2024-04-09', 'Consejos prácticos para ahorrar dinero en el día a día', 'Aprende estrategias simples y efectivas para administrar tus finanzas personales y ahorrar dinero en tus gastos diarios.', 4),
('2024-04-08', 'Cómo cultivar un jardín en espacios pequeños', 'Descubre técnicas y consejos para crear un hermoso jardín en tu hogar, incluso si tienes un espacio limitado disponible.', 5),
('2024-04-07', 'Recetas fáciles y rápidas para preparar cenas saludables', 'Encuentra recetas deliciosas y nutritivas para preparar cenas rápidas y saludables en casa, ideales para aquellos días ocupados de la semana.', 1),
('2024-04-06', 'Consejos para mejorar tu concentración y enfoque en el trabajo', 'Aprende estrategias prácticas para aumentar tu concentración y productividad en el trabajo, minimizando las distracciones y maximizando tu rendimiento.', 2),
('2024-04-05', 'Los mejores destinos para practicar deportes extremos', 'Descubre algunos de los destinos más emocionantes y desafiantes para los amantes de los deportes extremos, desde montañismo hasta surf.', 3),
('2024-04-04', 'Consejos para mantener una dieta equilibrada y saludable', 'Aprende a mantener una dieta balanceada y nutritiva incorporando alimentos saludables y evitando los hábitos alimenticios poco saludables.', 4),
('2024-04-03', 'Cómo organizar un viaje por carretera inolvidable', 'Descubre consejos y sugerencias para planificar y organizar un emocionante viaje por carretera con amigos o familiares, desde la ruta hasta el alojamiento.', 5),
('2024-04-02', 'Consejos para mejorar tu flexibilidad y movilidad corporal', 'Aprende ejercicios y técnicas para aumentar tu flexibilidad y movilidad, mejorando tu rendimiento físico y reduciendo el riesgo de lesiones.', 1),
('2024-04-01', 'Los mejores consejos para tener una piel radiante y saludable', 'Descubre rutinas de cuidado de la piel efectivas y productos recomendados para mantener tu piel radiante, suave y saludable en todo momento.', 2),
('2024-03-31', 'Cómo mejorar tus habilidades de liderazgo en el trabajo', 'Aprende estrategias efectivas para desarrollar tus habilidades de liderazgo y convertirte en un líder inspirador y motivador en tu entorno laboral.', 3),
('2024-03-30', 'Ideas creativas para organizar y decorar tu espacio de trabajo', 'Inspírate con estas ideas innovadoras para organizar y decorar tu espacio de trabajo, creando un ambiente funcional y agradable que fomente la productividad.', 4),
('2024-03-29', 'Los mejores ejercicios para tonificar y fortalecer los músculos', 'Descubre una variedad de ejercicios efectivos para tonificar y fortalecer todos los grupos musculares, mejorando tu forma física y resistencia.', 5),
('2024-03-28', 'Consejos para planificar y preparar comidas saludables con anticipación', 'Aprende a planificar y preparar comidas saludables con anticipación para ahorrar tiempo y dinero, y mantener una alimentación equilibrada y nutritiva.', 1),
('2024-03-27', 'Cómo mejorar tu salud mental y bienestar emocional', 'Descubre estrategias y prácticas efectivas para cuidar tu salud mental y bienestar emocional, fortaleciendo tu resiliencia y mejorando tu calidad de vida.', 2),
('2024-03-26', 'Los mejores destinos para hacer senderismo y disfrutar de la naturaleza', 'Explora algunos de los destinos más impresionantes y pintorescos para practicar senderismo y conectar con la naturaleza, desde montañas hasta cañones.', 3),
('2024-03-25', 'Consejos para mantener un estilo de vida activo y saludable', 'Aprende hábitos y comportamientos clave para mantener un estilo de vida activo y saludable, que promueva tu bienestar físico y mental a largo plazo.', 4),
('2024-03-24', 'Cómo cultivar un huerto orgánico en tu propio patio trasero', 'Descubre pasos y consejos para cultivar un huerto orgánico en tu patio trasero, desde la selección de cultivos hasta el mantenimiento del suelo.', 5),
('2024-03-23', 'Consejos para mejorar tu técnica de fotografía y capturar momentos inolvidables', 'Aprende técnicas y trucos de fotografía para mejorar tu habilidad para capturar momentos especiales y crear recuerdos duraderos con tus fotos.', 1),
('2024-03-22', 'Los mejores consejos para mejorar tu rendimiento académico', 'Descubre estrategias efectivas para aumentar tu rendimiento académico y alcanzar tus metas educativas, desde técnicas de estudio hasta manejo del tiempo.', 2),
('2024-03-21', 'Cómo mejorar tus habilidades de cocina y sorprender a tus invitados', 'Aprende consejos y técnicas de cocina para mejorar tus habilidades culinarias y preparar deliciosas comidas que impresionen a tus invitados.', 3),
('2024-03-20', 'Ideas creativas para decorar tu hogar en Navidad', 'Inspírate con estas ideas creativas y festivas para decorar tu hogar en Navidad, desde adornos caseros hasta elegantes arreglos florales.', 4),
('2024-03-19', 'Consejos para mejorar tu postura y prevenir dolores de espalda', 'Aprende ejercicios y hábitos posturales para mejorar tu postura y reducir el riesgo de dolores de espalda y lesiones relacionadas.', 5);


-- -----------------------------------------------------
-- Table `BD_blog`.`categorias`
-- -----------------------------------------------------
DROP TABLE IF EXISTS `BD_blog`.`categorias` ;

CREATE TABLE IF NOT EXISTS `BD_blog`.`categorias` (
  `idcategorias` INT NOT NULL AUTO_INCREMENT,
  `nombre` VARCHAR(45) NULL,
  `tipo` INT NULL,
  `id_principal` INT NOT NULL,
  `publicaciones_idpublicaciones` INT NOT NULL,
  PRIMARY KEY (`idcategorias`),
  INDEX `fk_categorias_publicaciones1_idx` (`publicaciones_idpublicaciones` ASC) VISIBLE,
  CONSTRAINT `fk_categorias_publicaciones1`
    FOREIGN KEY (`publicaciones_idpublicaciones`)
    REFERENCES `BD_blog`.`publicaciones` (`id_publicaciones`)
    ON DELETE NO ACTION
    ON UPDATE NO ACTION)
ENGINE = InnoDB;

INSERT INTO `BD_blog`.`categorias` (`nombre`, `tipo`, `id_principal`, `publicaciones_idpublicaciones`) 
VALUES
('Salud y bienestar', 1, 0, 1),
('Cocina y recetas', 1, 0, 2),
('Viajes y turismo', 1, 0, 3),
('Desarrollo personal', 1, 0, 4),
('Decoración del hogar', 1, 0, 4),
('Finanzas personales', 1, 0, 4),
('Ejercicio y fitness', 1, 0, 5),
('Tecnología', 1, 0, 6),
('Moda y belleza', 1, 0, 7),
('Arte y cultura', 1, 0, 8),
('Educación', 1, 0, 9),
('Entretenimiento', 1, 0, 10),
('Negocios y emprendimiento', 1, 0, 11),
('Medio ambiente', 1, 0, 12),
('Animales y mascotas', 1, 0, 13);


-- -----------------------------------------------------
-- Table `BD_blog`.`comentarios`
-- -----------------------------------------------------
DROP TABLE IF EXISTS `BD_blog`.`comentarios` ;

CREATE TABLE IF NOT EXISTS `BD_blog`.`comentarios` (
  `idcomentarios` INT NOT NULL AUTO_INCREMENT,
  `comentario` TEXT(500) NULL,
  `fecha` DATE NULL,
  `usuarios_id` INT NOT NULL,
  `publicaciones_idpublicaciones` INT NOT NULL,
  PRIMARY KEY (`idcomentarios`),
  INDEX `fk_comentarios_usuarios1_idx` (`usuarios_id` ASC) VISIBLE,
  INDEX `fk_comentarios_publicaciones1_idx` (`publicaciones_idpublicaciones` ASC) VISIBLE,
  CONSTRAINT `fk_comentarios_usuarios1`
    FOREIGN KEY (`usuarios_id`)
    REFERENCES `BD_blog`.`usuarios` (`id_usuarios`)
    ON DELETE NO ACTION
    ON UPDATE NO ACTION,
  CONSTRAINT `fk_comentarios_publicaciones1`
    FOREIGN KEY (`publicaciones_idpublicaciones`)
    REFERENCES `BD_blog`.`publicaciones` (`id_publicaciones`)
    ON DELETE NO ACTION
    ON UPDATE NO ACTION)
ENGINE = InnoDB;

INSERT INTO `BD_blog`.`comentarios` (`comentario`, `fecha`, `usuarios_id`, `publicaciones_idpublicaciones`) 
VALUES
('¡Excelente artículo! Me encantaron los consejos para mejorar la productividad en el trabajo.', '2024-04-17', 1, 1),
('Estas recetas saludables se ven deliciosas. Definitivamente las probaré en casa.', '2024-04-16', 2, 2),
('¡Qué hermosos destinos turísticos! Ya estoy planeando mi próximo viaje.', '2024-04-15', 3, 3),
('Los consejos para mantener una mente positiva son justo lo que necesitaba. ¡Gracias por compartir!', '2024-04-14', 4, 4),
('Me encanta la idea de decorar mi hogar con bajo presupuesto. ¡Gracias por las sugerencias!', '2024-04-13', 5, 5),
('¡Los libros recomendados para leer este año suenan geniales! Definitivamente agregaré algunos a mi lista de lectura.', '2024-04-12', 1, 6),
('Estos consejos para ahorrar dinero son muy útiles. ¡Gracias por compartirlos!', '2024-04-11', 2, 7),
('¡Qué útiles son estos consejos para organizar un viaje por carretera! Ya estoy emocionado por planear el mío.', '2024-04-10', 3, 8),
('Gracias por compartir estos consejos para mejorar la flexibilidad. ¡Definitivamente los pondré en práctica en mi rutina de ejercicio!', '2024-04-09', 4, 9),
('¡Las recomendaciones de libros son justo lo que estaba buscando! Gracias por la inspiración.', '2024-04-08', 5, 10);

SET SQL_MODE=@OLD_SQL_MODE;
SET FOREIGN_KEY_CHECKS=@OLD_FOREIGN_KEY_CHECKS;
SET UNIQUE_CHECKS=@OLD_UNIQUE_CHECKS;
