-- MySQL Script generated by MySQL Workbench
-- Wed Apr 17 13:45:26 2024
-- Model: New Model    Version: 1.0
-- MySQL Workbench Forward Engineering

SET @OLD_UNIQUE_CHECKS=@@UNIQUE_CHECKS, UNIQUE_CHECKS=0;
SET @OLD_FOREIGN_KEY_CHECKS=@@FOREIGN_KEY_CHECKS, FOREIGN_KEY_CHECKS=0;
SET @OLD_SQL_MODE=@@SQL_MODE, SQL_MODE='ONLY_FULL_GROUP_BY,STRICT_TRANS_TABLES,NO_ZERO_IN_DATE,NO_ZERO_DATE,ERROR_FOR_DIVISION_BY_ZERO,NO_ENGINE_SUBSTITUTION';

-- -----------------------------------------------------
-- Schema Bd_punto_de_ventas
-- -----------------------------------------------------

-- -----------------------------------------------------
-- Schema Bd_punto_de_ventas
-- -----------------------------------------------------
CREATE SCHEMA IF NOT EXISTS `Bd_punto_de_ventas` DEFAULT CHARACTER SET utf8 COLLATE utf8_spanish2_ci ;
USE `Bd_punto_de_ventas` ;

-- -----------------------------------------------------
-- Table `Bd_punto_de_ventas`.`sucursales`
-- -----------------------------------------------------
CREATE TABLE IF NOT EXISTS `Bd_punto_de_ventas`.`sucursales` (
  `id_sucursales` INT NOT NULL AUTO_INCREMENT,
  `nombre_sucursal` VARCHAR(45) NULL,
  `direccion_sucursal` VARCHAR(45) NULL,
  `telefono_sucursal` VARCHAR(45) NULL,
  PRIMARY KEY (`id_sucursales`))
ENGINE = InnoDB;

INSERT INTO `Bd_punto_de_ventas`.`sucursales` (`nombre_sucursal`, `direccion_sucursal`, `telefono_sucursal`) VALUES
('Sucursal A', 'Dirección A', '1234567890'),
('Sucursal B', 'Dirección B', '9876543210'),
('Sucursal C', 'Dirección C', '4567890123'),
('Sucursal D', 'Dirección D', '7890123456'),
('Sucursal E', 'Dirección E', '3210987654'),
('Sucursal F', 'Dirección F', '6543210987'),
('Sucursal G', 'Dirección G', '2109876543'),
('Sucursal H', 'Dirección H', '5432109876'),
('Sucursal I', 'Dirección I', '8765432109'),
('Sucursal J', 'Dirección J', '2345678901');
-- -----------------------------------------------------
-- Table `Bd_punto_de_ventas`.`empleados`
-- -----------------------------------------------------
CREATE TABLE IF NOT EXISTS `Bd_punto_de_ventas`.`empleados` (
  `id_empleados` INT NOT NULL AUTO_INCREMENT,
  `tipo_rol` VARCHAR(45) NULL,
  `usuario` VARCHAR(45) NULL,
  `password` VARCHAR(45) NULL,
  `nombres` VARCHAR(45) NULL,
  `DPI` INT NULL,
  `fecha_de_nacimiento` DATE NULL,
  `anio_inicio_labores` VARCHAR(45) NULL,
  `estado_usuario` VARCHAR(45) NULL,
  `sucursales_id_sucursales` INT NOT NULL,
  PRIMARY KEY (`id_empleados`),
  INDEX `fk_empleados_sucursales_idx` (`sucursales_id_sucursales` ASC) VISIBLE,
  CONSTRAINT `fk_empleados_sucursales`
    FOREIGN KEY (`sucursales_id_sucursales`)
    REFERENCES `Bd_punto_de_ventas`.`sucursales` (`id_sucursales`)
    ON DELETE NO ACTION
    ON UPDATE NO ACTION)
ENGINE = InnoDB;
ALTER TABLE `Bd_punto_de_ventas`.`empleados` MODIFY COLUMN `DPI` VARCHAR(20);

INSERT INTO `Bd_punto_de_ventas`.`empleados` (`tipo_rol`, `usuario`, `password`, `nombres`, `DPI`, `fecha_de_nacimiento`, `anio_inicio_labores`, `estado_usuario`, `sucursales_id_sucursales`) VALUES
('Gerente', 'gerente1', 'password123', 'Juan Pérez', '1234567890101', '1980-01-01', '2005', 'Activo', 1),
('Vendedor', 'vendedor1', 'vendpass', 'María López', '9876543210101', '1990-05-15', '2010', 'Activo', 1),
('Vendedor', 'vendedor2', 'vendpass2', 'Pedro García', '4567890120101', '1992-08-20', '2012', 'Activo', 2),
('Gerente', 'gerente2', 'password456', 'Ana Martínez', '7890123450101', '1975-11-30', '2003', 'Activo', 2),
('Vendedor', 'vendedor3', 'vendpass3', 'Sofía Rodríguez', '2109876540101', '1988-03-10', '2015', 'Activo', 3),
('Vendedor', 'vendedor4', 'vendpass4', 'Carlos Gómez', '5432109870101', '1995-07-25', '2018', 'Activo', 3),
('Gerente', 'gerente3', 'password789', 'Laura Ramírez', '8765432100101', '1983-09-05', '2007', 'Activo', 4),
('Vendedor', 'vendedor5', 'vendpass5', 'Luis Hernández', '2345678900101', '1987-12-12', '2014', 'Activo', 4),
('Vendedor', 'vendedor6', 'vendpass6', 'Elena Castillo', '3210987650101', '1993-04-18', '2016', 'Activo', 5),
('Gerente', 'gerente4', 'password101', 'Diego López', '6543210980101', '1979-06-28', '2004', 'Activo', 5);
-- -----------------------------------------------------
-- Table `Bd_punto_de_ventas`.`contacto`
-- -----------------------------------------------------
CREATE TABLE IF NOT EXISTS `Bd_punto_de_ventas`.`contacto` (
  `id_contacto` INT NOT NULL AUTO_INCREMENT,
  `nombre_empresa` VARCHAR(45) NULL,
  `contacto_directo` VARCHAR(45) NULL,
  `telefono_contacto` VARCHAR(45) NULL,
  `correo_contacto` VARCHAR(45) NULL,
  PRIMARY KEY (`id_contacto`))
ENGINE = InnoDB;

INSERT INTO `Bd_punto_de_ventas`.`contacto` (`nombre_empresa`, `contacto_directo`, `telefono_contacto`, `correo_contacto`) VALUES
('Proveedor A', 'Contacto A', '1234567890', 'proveedorA@example.com'),
('Proveedor B', 'Contacto B', '9876543210', 'proveedorB@example.com'),
('Proveedor C', 'Contacto C', '4567890123', 'proveedorC@example.com'),
('Proveedor D', 'Contacto D', '7890123456', 'proveedorD@example.com'),
('Proveedor E', 'Contacto E', '3210987654', 'proveedorE@example.com'),
('Proveedor F', 'Contacto F', '6543210987', 'proveedorF@example.com'),
('Proveedor G', 'Contacto G', '2109876543', 'proveedorG@example.com'),
('Proveedor H', 'Contacto H', '5432109876', 'proveedorH@example.com'),
('Proveedor I', 'Contacto I', '8765432109', 'proveedorI@example.com'),
('Proveedor J', 'Contacto J', '2345678901', 'proveedorJ@example.com');
-- -----------------------------------------------------
-- Table `Bd_punto_de_ventas`.`proveedores`
-- -----------------------------------------------------
CREATE TABLE IF NOT EXISTS `Bd_punto_de_ventas`.`proveedores` (
  `id_proveedores` INT NOT NULL AUTO_INCREMENT,
  `institucion` VARCHAR(45) NULL,
  `contacto` VARCHAR(45) NULL,
  `ubicacion` VARCHAR(45) NULL,
  `informacion_representante` VARCHAR(45) NULL,
  `contacto_id_contacto` INT NOT NULL,
  PRIMARY KEY (`id_proveedores`),
  INDEX `fk_proveedores_contacto1_idx` (`contacto_id_contacto` ASC) VISIBLE,
  CONSTRAINT `fk_proveedores_contacto1`
    FOREIGN KEY (`contacto_id_contacto`)
    REFERENCES `Bd_punto_de_ventas`.`contacto` (`id_contacto`)
    ON DELETE NO ACTION
    ON UPDATE NO ACTION)
ENGINE = InnoDB;

INSERT INTO `Bd_punto_de_ventas`.`proveedores` (`institucion`, `contacto`, `ubicacion`, `informacion_representante`, `contacto_id_contacto`) VALUES
('Proveedor A SA', 'Contacto A', 'Ubicación A', 'Representante A', 1),
('Proveedor B SRL', 'Contacto B', 'Ubicación B', 'Representante B', 2),
('Proveedor C SAS', 'Contacto C', 'Ubicación C', 'Representante C', 3),
('Proveedor D Ltda', 'Contacto D', 'Ubicación D', 'Representante D', 4),
('Proveedor E SA', 'Contacto E', 'Ubicación E', 'Representante E', 5),
('Proveedor F SRL', 'Contacto F', 'Ubicación F', 'Representante F', 6),
('Proveedor G SAS', 'Contacto G', 'Ubicación G', 'Representante G', 7),
('Proveedor H Ltda', 'Contacto H', 'Ubicación H', 'Representante H', 8),
('Proveedor I SA', 'Contacto I', 'Ubicación I', 'Representante I', 9),
('Proveedor J SRL', 'Contacto J', 'Ubicación J', 'Representante J', 10);

-- -----------------------------------------------------
-- Table `Bd_punto_de_ventas`.`clientes`
-- -----------------------------------------------------
CREATE TABLE IF NOT EXISTS `Bd_punto_de_ventas`.`clientes` (
  `id_clientes` INT NOT NULL AUTO_INCREMENT,
  `dpi` VARCHAR(45) NULL,
  `nit` VARCHAR(45) NULL,
  `contacto` VARCHAR(45) NULL,
  `nombre` VARCHAR(45) NULL,
  `contacto_id_contacto` INT NOT NULL,
  PRIMARY KEY (`id_clientes`),
  INDEX `fk_clientes_contacto1_idx` (`contacto_id_contacto` ASC) VISIBLE,
  CONSTRAINT `fk_clientes_contacto1`
    FOREIGN KEY (`contacto_id_contacto`)
    REFERENCES `Bd_punto_de_ventas`.`contacto` (`id_contacto`)
    ON DELETE NO ACTION
    ON UPDATE NO ACTION)
ENGINE = InnoDB;
ALTER TABLE Bd_punto_de_ventas.clientes AUTO_INCREMENT = 1;


INSERT INTO `Bd_punto_de_ventas`.`clientes` (`dpi`, `nit`, `contacto`, `nombre`, `contacto_id_contacto`) VALUES
('1234567890101', 'CF123456', 'Contacto Cliente A', 'Cliente A', 1),
('9876543210101', 'CF654321', 'Contacto Cliente B', 'Cliente B', 2),
('4567890120101', 'CF456789', 'Contacto Cliente C', 'Cliente C', 3),
('7890123450101', 'CF789012', 'Contacto Cliente D', 'Cliente D', 4),
('2109876540101', 'CF210987', 'Contacto Cliente E', 'Cliente E', 5),
('5432109870101', 'CF543210', 'Contacto Cliente F', 'Cliente F', 6),
('8765432100101', 'CF876543', 'Contacto Cliente G', 'Cliente G', 7),
('2345678900101', 'CF234567', 'Contacto Cliente H', 'Cliente H', 8),
('3210987650101', 'CF321098', 'Contacto Cliente I', 'Cliente I', 9),
('6543210980101', 'CF654321', 'Contacto Cliente J', 'Cliente J', 10);
-- -----------------------------------------------------
-- Table `Bd_punto_de_ventas`.`categoria`
-- -----------------------------------------------------
CREATE TABLE IF NOT EXISTS `Bd_punto_de_ventas`.`categoria` (
  `id_categoria` INT NOT NULL AUTO_INCREMENT,
  `nombre_categoria` VARCHAR(45) NULL,
  `descripcion_categorias` VARCHAR(45) NULL,
  PRIMARY KEY (`id_categoria`))
ENGINE = InnoDB;

INSERT INTO `Bd_punto_de_ventas`.`categoria` (`nombre_categoria`, `descripcion_categorias`) VALUES
('Electrónica', 'Productos electrónicos y gadgets'),
('Ropa', 'Prendas de vestir y accesorios'),
('Hogar', 'Artículos para el hogar y decoración'),
('Alimentos', 'Productos alimenticios y bebidas'),
('Salud', 'Artículos de cuidado personal y salud'),
('Juguetes', 'Juguetes y juegos'),
('Libros', 'Libros y material de lectura'),
('Deporte', 'Artículos deportivos y fitness'),
('Automotriz', 'Productos para vehículos y accesorios'),
('Mascotas', 'Productos para mascotas y animales');
-- -----------------------------------------------------
-- Table `Bd_punto_de_ventas`.`control_ingresos_productos`
-- -----------------------------------------------------
CREATE TABLE IF NOT EXISTS `Bd_punto_de_ventas`.`control_ingresos_productos` (
  `id_control_ingresos_productos` INT NOT NULL AUTO_INCREMENT,
  `proveedor` VARCHAR(45) NULL,
  `fecha_ingreso` VARCHAR(45) NULL,
  `cantidad` VARCHAR(45) NULL,
  `precio_unitario` VARCHAR(45) NULL,
  PRIMARY KEY (`id_control_ingresos_productos`))
ENGINE = InnoDB;

INSERT INTO `Bd_punto_de_ventas`.`control_ingresos_productos` (`proveedor`, `fecha_ingreso`, `cantidad`, `precio_unitario`) VALUES
('Proveedor A', '2024-04-01', 100, 10.50),
('Proveedor B', '2024-04-02', 150, 8.75),
('Proveedor C', '2024-04-03', 80, 12.00),
('Proveedor D', '2024-04-04', 120, 9.99),
('Proveedor E', '2024-04-05', 200, 7.50),
('Proveedor F', '2024-04-06', 90, 11.25),
('Proveedor G', '2024-04-07', 110, 10.75),
('Proveedor H', '2024-04-08', 130, 9.25),
('Proveedor I', '2024-04-09', 170, 8.50),
('Proveedor J', '2024-04-10', 140, 11.00);
-- -----------------------------------------------------
-- Table `Bd_punto_de_ventas`.`egresos_productos`
-- -----------------------------------------------------
CREATE TABLE IF NOT EXISTS `Bd_punto_de_ventas`.`egresos_productos` (
  `id_egresos_productos` INT NOT NULL AUTO_INCREMENT,
  ` cantidad` VARCHAR(45) NULL,
  `precio_unitario_egreso` VARCHAR(45) NULL,
  `total` VARCHAR(45) NULL,
  `fecha` DATE NULL,
  `egresos_productos` VARCHAR(45) NULL,
  PRIMARY KEY (`id_egresos_productos`))
ENGINE = InnoDB;

INSERT INTO `Bd_punto_de_ventas`.`egresos_productos` (` cantidad`, `precio_unitario_egreso`, `total`, `fecha`, `egresos_productos`) VALUES
(5, 15.00, 75.00, '2024-04-01', 'Venta producto A'),
(8, 20.00, 160.00, '2024-04-02', 'Venta producto B'),
(3, 25.00, 75.00, '2024-04-03', 'Venta producto C'),
(10, 18.00, 180.00, '2024-04-04', 'Venta producto D'),
(6, 12.50, 75.00, '2024-04-05', 'Venta producto E'),
(9, 16.50, 148.50, '2024-04-06', 'Venta producto F'),
(4, 22.00, 88.00, '2024-04-07', 'Venta producto G'),
(7, 19.50, 136.50, '2024-04-08', 'Venta producto H'),
(12, 17.00, 204.00, '2024-04-09', 'Venta producto I'),
(11, 21.00, 231.00, '2024-04-10', 'Venta producto J');
-- -----------------------------------------------------
-- Table `Bd_punto_de_ventas`.`productos`
-- -----------------------------------------------------
CREATE TABLE IF NOT EXISTS `Bd_punto_de_ventas`.`productos` (
  `id_productos` INT NOT NULL AUTO_INCREMENT,
  `descripcion` VARCHAR(45) NULL,
  `codigosku` VARCHAR(45) NULL,
  `categoria` VARCHAR(45) NULL,
  `stock` VARCHAR(45) NULL,
  `precio_compra` VARCHAR(45) NULL,
  `categoria_id_categoria` INT NOT NULL,
  `control_ingresos_productos_id_control_ingresos_productos` INT NOT NULL,
  `egresos_productos_id_egresos_productos` INT NOT NULL,
  `proveedores_id_proveedores` INT NOT NULL,
  `egresos_productos_id_egresos_productos1` INT NOT NULL,
  PRIMARY KEY (`id_productos`),
  INDEX `fk_productos_categoria1_idx` (`categoria_id_categoria` ASC) VISIBLE,
  INDEX `fk_productos_control_ingresos_productos1_idx` (`control_ingresos_productos_id_control_ingresos_productos` ASC) VISIBLE,
  INDEX `fk_productos_egresos_productos1_idx` (`egresos_productos_id_egresos_productos` ASC) VISIBLE,
  INDEX `fk_productos_proveedores1_idx` (`proveedores_id_proveedores` ASC) VISIBLE,
  INDEX `fk_productos_egresos_productos2_idx` (`egresos_productos_id_egresos_productos1` ASC) VISIBLE,
  CONSTRAINT `fk_productos_categoria1`
    FOREIGN KEY (`categoria_id_categoria`)
    REFERENCES `Bd_punto_de_ventas`.`categoria` (`id_categoria`)
    ON DELETE NO ACTION
    ON UPDATE NO ACTION,
  CONSTRAINT `fk_productos_control_ingresos_productos1`
    FOREIGN KEY (`control_ingresos_productos_id_control_ingresos_productos`)
    REFERENCES `Bd_punto_de_ventas`.`control_ingresos_productos` (`id_control_ingresos_productos`)
    ON DELETE NO ACTION
    ON UPDATE NO ACTION,
  CONSTRAINT `fk_productos_egresos_productos1`
    FOREIGN KEY (`egresos_productos_id_egresos_productos`)
    REFERENCES `Bd_punto_de_ventas`.`egresos_productos` (`id_egresos_productos`)
    ON DELETE NO ACTION
    ON UPDATE NO ACTION,
  CONSTRAINT `fk_productos_proveedores1`
    FOREIGN KEY (`proveedores_id_proveedores`)
    REFERENCES `Bd_punto_de_ventas`.`proveedores` (`id_proveedores`)
    ON DELETE NO ACTION
    ON UPDATE NO ACTION,
  CONSTRAINT `fk_productos_egresos_productos2`
    FOREIGN KEY (`egresos_productos_id_egresos_productos1`)
    REFERENCES `Bd_punto_de_ventas`.`egresos_productos` (`id_egresos_productos`)
    ON DELETE NO ACTION
    ON UPDATE NO ACTION)
ENGINE = InnoDB;

INSERT INTO `Bd_punto_de_ventas`.`productos` (`descripcion`, `codigosku`, `categoria`, `stock`, `precio_compra`, `categoria_id_categoria`, `control_ingresos_productos_id_control_ingresos_productos`, `egresos_productos_id_egresos_productos`, `proveedores_id_proveedores`, `egresos_productos_id_egresos_productos1`) VALUES
('Teléfono móvil', 'SKU001', 'Electrónica', 50, 100.00, 1, 1, 1, 1, 1),
('Laptop', 'SKU002', 'Electrónica', 30, 500.00, 1, 2, 2, 2, 2),
('Camisa', 'SKU003', 'Ropa', 20, 25.00, 2, 3, 3, 3, 3),
('Pantalón', 'SKU004', 'Ropa', 15, 30.00, 2, 4, 4, 4, 4),
('Sofá', 'SKU005', 'Hogar', 10, 300.00, 3, 5, 5, 5, 5),
('Mesa de Centro', 'SKU006', 'Hogar', 12, 150.00, 3, 6, 6, 6, 6),
('Arroz', 'SKU007', 'Alimentos', 100, 5.00, 4, 7, 7, 7, 7),
('Leche', 'SKU008', 'Alimentos', 80, 2.50, 4, 8, 8, 8, 8),
('Jabón de baño', 'SKU009', 'Salud', 120, 1.50, 5, 9, 9, 9, 9),
('Cepillo de dientes', 'SKU010', 'Salud', 90, 2.00, 5, 10, 10, 10, 10);
-- -----------------------------------------------------
-- Table `Bd_punto_de_ventas`.`control_ingresos_productos_has_productos`
-- -----------------------------------------------------
CREATE TABLE IF NOT EXISTS `Bd_punto_de_ventas`.`control_ingresos_productos_has_productos` (
  `control_ingresos_productos_id_control_ingresos_productos` INT NOT NULL,
  `productos_id_productos` INT NOT NULL,
  PRIMARY KEY (`control_ingresos_productos_id_control_ingresos_productos`, `productos_id_productos`),
  INDEX `fk_control_ingresos_productos_has_productos_productos1_idx` (`productos_id_productos` ASC) VISIBLE,
  INDEX `fk_control_ingresos_productos_has_productos_control_ingreso_idx` (`control_ingresos_productos_id_control_ingresos_productos` ASC) VISIBLE,
  CONSTRAINT `fk_control_ingresos_productos_has_productos_control_ingresos_1`
    FOREIGN KEY (`control_ingresos_productos_id_control_ingresos_productos`)
    REFERENCES `Bd_punto_de_ventas`.`control_ingresos_productos` (`id_control_ingresos_productos`)
    ON DELETE NO ACTION
    ON UPDATE NO ACTION,
  CONSTRAINT `fk_control_ingresos_productos_has_productos_productos1`
    FOREIGN KEY (`productos_id_productos`)
    REFERENCES `Bd_punto_de_ventas`.`productos` (`id_productos`)
    ON DELETE NO ACTION
    ON UPDATE NO ACTION)
ENGINE = InnoDB;
INSERT INTO `Bd_punto_de_ventas`.`control_ingresos_productos_has_productos` (`control_ingresos_productos_id_control_ingresos_productos`, `productos_id_productos`) VALUES
(1, 1),
(2, 2),
(3, 3),
(4, 4),
(5, 5),
(6, 6),
(7, 7),
(8, 8),
(9, 9),
(10, 10);

SET SQL_MODE=@OLD_SQL_MODE;
SET FOREIGN_KEY_CHECKS=@OLD_FOREIGN_KEY_CHECKS;
SET UNIQUE_CHECKS=@OLD_UNIQUE_CHECKS;
